{
  "human": {
    "phase_coherence": {
      "mean": 0.34649714827537537,
      "std": 0.08205599337816238,
      "min": 0.23620367050170898,
      "max": 0.5001716017723083,
      "count": 20
    },
    "phase_velocity": {
      "mean": 1.7209962606430054,
      "std": 0.2434646487236023,
      "count": 20
    },
    "spectral_entropy": {
      "mean": 11.057903289794922,
      "std": 0.9435886740684509,
      "count": 20
    }
  },
  "nonhuman": {
    "phase_coherence": {
      "mean": 0.3896787762641907,
      "std": 0.11124376207590103,
      "min": 0.2613525688648224,
      "max": 0.778656005859375,
      "count": 20
    },
    "phase_velocity": {
      "mean": 1.5823087692260742,
      "std": 0.23354005813598633,
      "count": 20
    },
    "spectral_entropy": {
      "mean": 10.981986999511719,
      "std": 0.7006936073303223,
      "count": 20
    }
  },
  "decision_threshold": 0.368087962269783
}