{
  "human": {
    "phase_coherence": {
      "mean": 0.3739498555660248,
      "std": 0.08684681355953217,
      "count": 100
    },
    "phase_velocity": {
      "mean": 1.578946828842163,
      "std": 0.24255967140197754,
      "count": 100
    },
    "spectral_entropy": {
      "mean": 10.832244873046875,
      "std": 0.8368511199951172,
      "count": 100
    }
  },
  "nonhuman": {
    "phase_coherence": {
      "mean": 0.39510607719421387,
      "std": 0.10052265971899033,
      "count": 100
    },
    "phase_velocity": {
      "mean": 1.5598325729370117,
      "std": 0.24862876534461975,
      "count": 100
    },
    "spectral_entropy": {
      "mean": 11.283088684082031,
      "std": 0.7735753059387207,
      "count": 100
    }
  },
  "decision_threshold": 0.3845279663801193
}